Type,ID,Text
honorcode.nd.edu_generative-ai-policy-for-students-august-2023,1,"generative ai policy for students undergraduate academic code of honor university of notre dame skip to content skip to navigation skip to search university of notre dame undergraduate academic code of honor home search menu the honor code generative ai policy for students generative ai policy for students generative ai offers numerous ways to support your education, such as thinking through ideas, making study guides"
honorcode.nd.edu_generative-ai-policy-for-students-august-2023,2,"ai offers numerous ways to support your education, such as thinking through ideas, making study guides or practice problems, or providing help with understanding difficult concepts. however, misuse of this technology impedes the university’s mission to develop the gifts and talents that you bring to the nd community. using it as substitute for genuine engagement, or to circumvent the necessary intellectual challenges of your coursework,"
honorcode.nd.edu_generative-ai-policy-for-students-august-2023,3,"it as substitute for genuine engagement, or to circumvent the necessary intellectual challenges of your coursework, runs counter to the heart of education itself. as you reflect on your own reasons for being here, think carefully about the difference between supplementing your education and replacing it. the purpose of this academic integrity policy is not to be overly punitive, but to ensure that you engage"
honorcode.nd.edu_generative-ai-policy-for-students-august-2023,4,"this academic integrity policy is not to be overly punitive, but to ensure that you engage genuinely and deeply with your course material in todays technology-rich learning environment. of course, ai is changing the world, and you will most likely use it in your chosen field. but the university also wants to ensure that you acquire the knowledge and skills that your assignments are meant"
honorcode.nd.edu_generative-ai-policy-for-students-august-2023,5,"also wants to ensure that you acquire the knowledge and skills that your assignments are meant to produce, and that you are prepared to apply them after graduation in this new, complex, and ever changing world. with this in mind, remember that representing work that you did not produce as your own, including work generated or materially modified by ai, constitutes academic dishonesty. use of"
honorcode.nd.edu_generative-ai-policy-for-students-august-2023,6,"as your own, including work generated or materially modified by ai, constitutes academic dishonesty. use of generative ai in way that violates an instructor’s articulated policy, or using it to complete coursework in way not expressly permitted by the faculty member, will be considered violation of the honor code. the university is committed to working continually to help you learn at depth that prepares you"
honorcode.nd.edu_generative-ai-policy-for-students-august-2023,7,"the university is committed to working continually to help you learn at depth that prepares you to weather not only this technological pivot, but also the ones that follow. if you have questions about this policy, please contact the office of academic standards at honor@nd.edu. the honor code honor code violation report educational outcome report reporting policy university committee on the honor code college school"
honorcode.nd.edu_generative-ai-policy-for-students-august-2023,8,code violation report educational outcome report reporting policy university committee on the honor code college school honor code committees statement on generative ai and academic integrity (may 2023) ai recommendations for instructors generative ai policy for students policy update: ai editing tools (fall 2024) syllabus statements contact undergraduate academic code of honor 217n main building notre dame in 46556 usa phone 574-631-0626 honor@nd.edu 2026 university
honorcode.nd.edu_generative-ai-policy-for-students-august-2023,9,code of honor 217n main building notre dame in 46556 usa phone 574-631-0626 honor@nd.edu 2026 university of notre dame search mobile app news events visit accessibility facebook x/twitter instagram youtube linkedin
