cv_filename,name,num_hits,matches,snippets
1.BasuR_CV.pdf,Riddha Basu,0,,
3822,George T. Solomon,,,
Askari_Hossein_Faculty_CV_-2016.06.21.pdf,Hossein Askari,1,Ai,"Protection,"" with V. Corbo, Estudios de  Economia , No. 16, Segundo Semestre 1980 -  Primer Semestr e 1981.     ""OPEC's Ai d Performance: An Appraisal,"" SAIS Review , Number 2, 1982.    ""The Gulf: Gold Rush or Economic Development? With J. Cu"
Bailey CV. 7-25.doc,James R.  Bailey,,,
CV October 2025.pdf,Edward Sul,0,,
CV Terry Hsiao .pdf,Terry Hsiao,0,,
CV updated 071825.doc,Laura D'Antonio,,,
CV-RRF2023.pdf,Rodimiro Rodrigo,,,
CV_JWalter_January2026.pdf,Jorge Walter,1,artificial intelligence,"Kreutzer, M. & Walter, J. (202 5). Reconceptualizing organizational control: Managing in the age of hybrid  workplaces, artificial intelligence, and the gig economy . Cambridge University Press.     Recognized as a finalist for the 2025 European Group for Organiz"
CV_Jin Hyung Kim.pdf,Jin Hyung Kim,0,,
CV_Sunghun_CHUNG_GWU_Oct2025.pdf,Sunghun Chung,24,AI; Artificial Intelligence; Deep Learning; GenAI; Generative AI; Machine Learning,"                         • Research Area: Digital Inclusion, Digital Platform Strategy, Digital Innovation, Responsible AI, Social Media  • Research Methods: Randomized Field Experiments, Applied Econometrics, and Machine Learning  SELECTED J || l Innovation, Responsible AI, Social Media  • Research Methods: Randomized Field Experiments, Applied Econometrics, and Machine Learning  SELECTED JOURNAL PUBLICATIONS                [1] Kim, J., Yoon, S., Chung, S., and Oh, W. (2025) “Working Daily, Paid  || 3rd round review at Journal of Operations Management (UTD-24, FT-50). [2] Chung, S., Lee, C., and Zheng, Z. “Delivering AI Responsibly for Digital Equity: Three Sequential Field Experiments in Revenue-Based Financing,” Under revision for 2nd  ||  round review at MIS Quarterly (UTD-24, FT-50). [3] Min, D., Chung, S., Lee, C., and Duan, W. “Implementing Explainable Artificial Intelligence for Non-Expert Users in Mobile Health Management: Evidence from a Randomized Field Experiment,” Under revision for 2nd  || nal of Management (ABS 4). [6] Yu, W., Chung, S., Fang, M., Ho, Y .-C., Liu F. “Does Techwashing Pay Off? The Impact of AI Decoupling on Financial Performance and the Moderating Role of Labor Intensity,” Under review at Journal of Strategic I || 4).   PROJECTS WORKING-IN-PROGRESS               [1] Ahn, D., Lee, H., Chung, S., and Lee, D. “Towards Expert-Augmented AI Decision Support Systems: A Field Experiment in Lending,” Targeting submission to Management Science (UTD-24, FT-50). [ || ence (UTD-24, FT-50). [2] Lee, H., Chung, S., and Zheng, Z. “Enhancing Borrower Repayment Behavior through Human versus AI Interventions: Evidence from a Field Experiment on a Revenue-Based Financing,” Targeting submission to Information Syst || rm,” Targeting submission to Information Systems Research (UTD-24, FT-50). [4] Min, D., Chung, S., Li, X., and Lee, C. “GenAI-Empowered Social Chatbot Conversation Design and Mental Health: Evidence from a Large-Scale Field Experiment,” Targetin || ERENCE AND WORKSHOP PUBLICATIONS                 [1] Ahn, D., Lee, H., Chung, S., and Lee, D. “Towards Expert-Augmented AI Decision Support Systems: A Field Experiment in Lending,” Workshop on Information Systems and Economics (WISE 2025), Na || nclusive Impact: Evidence from a Seller-Level Field Experiment on Early Settlement Service in E-Commerce Platform,” the AI and the Future of Collaborative Innovation workshop at NYU, New York, 2025. [4] Min, D., Chung, S., Lee, C, and Li, X.  || and the Future of Collaborative Innovation workshop at NYU, New York, 2025. [4] Min, D., Chung, S., Lee, C, and Li, X. “GenAI-Empowered Social Chatbot Conversation Design and Mental Health: Evidence from a Large-Scale Field Experiment,” 35th Ann || Management Society Conference (POMS 2025), Atlanta, Georgia, 2025. [5] Shin, D., Chung, S., and Ho, Y .-C. “Responsible AI for Equal Opportunities: Building Fair Credit Scoring Systems in Early-Settlement Platforms,” Biz AI Conference 2025, D ||  .-C. “Responsible AI for Equal Opportunities: Building Fair Credit Scoring Systems in Early-Settlement Platforms,” Biz AI Conference 2025, Dallas, Texas, 2025.   Curriculum Vitae: Sunghun Chung                                                 ||                                        Page 4 of 8 [6] Ahn, D., Lee, H., Chung, S., and Lee, D. “Empowering Explainable AI through Human Intervention: Evidence from a Randomized Field Experiment in Peer-to-Peer Lending,” Biz AI Conference 202 || ng Explainable AI through Human Intervention: Evidence from a Randomized Field Experiment in Peer-to-Peer Lending,” Biz AI Conference 2025, Dallas, Texas, 2025. [7] Min, D., Chung, S., Lee, C, and Li, X. “GenAI-Empowered Social Chatbot Conver || ment in Peer-to-Peer Lending,” Biz AI Conference 2025, Dallas, Texas, 2025. [7] Min, D., Chung, S., Lee, C, and Li, X. “GenAI-Empowered Social Chatbot Conversation Design and Mental Health: Evidence from a Large-Scale Field Experiment,” Conferen || nt Paper Award, Winner). [8] Lee, H., Chung, S., and Zheng, Z. “Enhancing Borrower Repayment Behavior through Human and AI Interventions: Evidence from a Field Experiment on a Revenue-Based Financing Platform,” Conference on Information Syste || alytics (CHITA 2024), Washington DC, 2024. [10] Min, D., Chung, S., Lee, C., and Duan, W. “What is the Best Explainable Artificial Intelligence for Shaping User Behavior? Evidence from Two Randomized Field Experiments,” Biz AI Conference 2024, Dallas TX, 2024.  [ || est Explainable Artificial Intelligence for Shaping User Behavior? Evidence from Two Randomized Field Experiments,” Biz AI Conference 2024, Dallas TX, 2024.  [11] Min, D., Chung, S., Lee, C., and Li, X. “Hello, I'm Here: The Impact of Social  || ndia, 2023 (The Best Student Paper Award). [13] Min, D., Chung, S., Lee, C., and Duan, W. “What is the Best Explainable Artificial Intelligence for Enhancing Self-Regulation Behavior in Healthcare Management? Evidence from A Randomized Field Experiment,” Conferen || of Business, Doctoral Student Conference, August 2007.  TEACHING INTEREST & EXPERTISE                - Emerging Topics: Generative AI for Business, Business Analytics & Big Data Analytics - Context Specific Topics: FinTech Analytics, Introduction to Fin || oject, and Introduction to Information Systems  TEACHING EXPERIENCE                      George Washington University - Generative AI for Business: Fall 2026 (scheduled, newly developed) - Foundations of Artificial Intelligence (graduate): Fall 2022/202 ||      George Washington University - Generative AI for Business: Fall 2026 (scheduled, newly developed) - Foundations of Artificial Intelligence (graduate): Fall 2022/2023/2024 (avg. evaluations: 4.7/5) - Management Information Systems Technology (intro course to  || ing Science (ISMS) - Big Data Analysis Skills, Programming Languages, and Software Packages Python, Apache Hadoop Hive, Deep Learning, Spark, C/C++, JA V A, Visual Basic STATA, R, MATLAB, SPSS, SAS, Mathematica, MySQL  "
Choate_CV.pdf,Thomas Choate,1,Generative AI,"sent) Future Enrollment Planning subcommittee (2023 – Present) Academic Integrity Code Review subcommittee (2022 –2025) Generative AI in Writing in the Disciplines working group (2024) Fiscal Planning & Budgeting Committee, GW Faculty Senate (May 2025 –"
Chukwuma_Dim_CV.pdf,Chukwuma Dim,,,
Donald Buzinkai June 2025 CV.pdf,Donald Buzinkai,0,,
Donna%20Hoffman_CV_June_2020.pdf,Donna Hoffman,29,AI; Artificial Intelligence; Machine Learning; NLP; machine learning,"Asymmetric Residual Maps for Market Structure Analysis.”  Research Interests  • Consumer and smart object experience of AI using assemblage theory and object-oriented ontology perspectives • Computational approaches (machine learning and NLP  || t object experience of AI using assemblage theory and object-oriented ontology perspectives • Computational approaches (machine learning and NLP methods) for understanding consumer-smart object experience from IoT interaction data • Self-extension and self || f AI using assemblage theory and object-oriented ontology perspectives • Computational approaches (machine learning and NLP methods) for understanding consumer-smart object experience from IoT interaction data • Self-extension and self-expansi || in summer 2020.   3. Hoffman, D.L. and T.P. Novak, “Human-Centric versus Object-Oriented Perspectives on Perceptions of AI,” three studies completed, target: Journal of Consumer Research.  4. Hildebrand, C., D.L. Hoffman and T.P. Novak, “Dehu ||  Things, June 11. 2. Hoffman, D.L. and T.P. Novak (2020), “Object-Oriented Metaphorism as a Mechanism for Understanding AI,” paper presented at the First Virtual ISMS Marketing Science Conference, Session SC06 – Artificial Intelligence 1, Jun || Mechanism for Understanding AI,” paper presented at the First Virtual ISMS Marketing Science Conference, Session SC06 – Artificial Intelligence 1, June 13. 3. Hoffman, D.L. and T.P. Novak (2020), “Object Oriented Metaphorism as a Mechanism for Understanding AI,”  || gence 1, June 13. 3. Hoffman, D.L. and T.P. Novak (2020), “Object Oriented Metaphorism as a Mechanism for Understanding AI,” paper presented at the Winter AMA Academic Conference, San Diego, CA, February 13-16.  4. Novak, T.P. and D.L. Hoffma || February 13-16.  4. Novak, T.P. and D.L. Hoffman (2020), “Reifying the Possibility Space of IoT Automation Practices: A Machine Learning Approach,” Keynote Address presented at the Affective Content Analysis (AffCon) Workshop, AAAI-20, New York City, Febru || City, February 7. 5. Hoffman, D.L. and T.P. Novak (2019), “Object-Oriented Metaphorism as a Mechanism for Understanding AI,” Paper presented at the Psychology of Technology Institute “New Directions in Research on the Psychology of Technology || ne 2020      7. Hoffman, D.L. and T.P. Novak (2019), “Object-Oriented Anthropomorphism as a Mechanism for Understanding AI,” paper presented in the Special Session, “Rethinking Anthropomorphism: The Antecedents, Unexpected Consequences, and P || ctober 17-20.  8. Novak, Thomas and D.L. Hoffman (2019), “Reifying the Possibility Space of IoT Automation Practices: A Machine Learning Approach,” paper presented in the Special Session, “Extracting Behavioral Insights from Big Data: Novel AI and NLP Appr || achine Learning Approach,” paper presented in the Special Session, “Extracting Behavioral Insights from Big Data: Novel AI and NLP Approaches,” ACR Fiftieth Anniversary Conference, Atlanta, Georgia, October 17-20.  9. Hoffman, D.L. and T.P. N || Learning Approach,” paper presented in the Special Session, “Extracting Behavioral Insights from Big Data: Novel AI and NLP Approaches,” ACR Fiftieth Anniversary Conference, Atlanta, Georgia, October 17-20.  9. Hoffman, D.L. and T.P. Novak (20 || , October 17-20.  9. Hoffman, D.L. and T.P. Novak (2019), “Object-Oriented Metaphorism as a Mechanism for Understanding AI,” paper presented in the Symposium, “Rethinking Anthropomorphism: The Antecedents, Unexpected Consequences, and Potenti || , October 3-5.  10. Novak, T.P. and D.L. Hoffman (2019), “Reifying the Possibility Space of IoT Automation Practices: A Machine Learning Approach,” paper presented at the 11th Triennial Invitational Choice Symposium, Cambridge, Maryland, May 30 – June 1.   || itational Choice Symposium, Cambridge, Maryland, May 30 – June 1.  11. Hoffman, D.L. and Novak, T.P. (2019), “Impact of AI on Consumer Experience,” paper presented at the 11th Triennial Invitational Choice Symposium, Cambridge, Maryland, May  || ennial Invitational Choice Symposium, Cambridge, Maryland, May 30 – June 1.  12. Hoffman, D.L. and Novak, T.P. (2019), “AI: Beyond Friend or Foe,” paper presented at the Theory + Practice in Marketing (TPM) Conference, Columbia, May 16-18.  1 || y, May 10-11.   14. Novak, T.P. and D.L. Hoffman (2019), “Reifying the Possibility Space of IoT Automation Practices: A Machine Learning Approach,” paper presented at the GWSB Inaugural Conference on the Intelligence of Things, April 5.  15. Hoffman, D.L.  || 2020      16. Hoffman, D.L. (2019), “Opportunities and Challenges in Using Computational Methods to Study the Impact of AI on Consumer Behavior,” paper presented in Special Session on Machine Learning for Consumer Behavior Research, Winter AM || s in Using Computational Methods to Study the Impact of AI on Consumer Behavior,” paper presented in Special Session on Machine Learning for Consumer Behavior Research, Winter AMA, Austin, TX, February 22-24.  17. Hoffman, D.L. (2019), “The Future of Omni- || ew Tech: Methodological Challenges and Solutions,” presentation in the Roundtable Special Session, “Trust in the Age of AI,” Association for Consumer Research, Dallas, TX, October 11-14.  19. Novak, T.P. and D.L. Hoffman (2018), “A Computatio || ber 11-14.  20. Hoffman, D.L. and T.P. Novak (2018), “Object-Oriented Anthropomorphism as a Mechanism for Understanding AI,” paper presented in the Special Session, Association for Consumer Research, Dallas, TX, October 11-14.  21. Novak, T.P || arketing in the Consumer Internet of Things, September 30, Washington, DC.  39. Hoffman, D.L. and T.P. Novak (2016), “A Machine Learning and Data-Driven Visualization Framework for Studying Emergent Experience in the Consumer IoT,” Paper presented at the M || ago, March 12-14.  Invited University Research Seminars   “Object-Oriented Metaphorism as a Mechanism for Understanding AI,” Baruch College, Zicklin School of Business, New York City, November 1, 2019.  “Reifying the Possibility Space of IoT  || in School of Business, New York City, November 1, 2019.  “Reifying the Possibility Space of IoT Automation Practices: A Machine Learning Approach,” Keynote, Voya Financial Colloquium: Innovation and Technology in Marketing, University of Connecticut, Septe || rton Joint Seminar, January 30, 1987.  Invited Industry and Government Seminars and Conferences  Hoffman, D.L. (2019), “AI and the Future of Marketing: From Efficiency to Experience,” Marketing Edge Board of Trustees Meeting, George Washingto || ng Edge Board of Trustees Meeting, George Washington University School of Business, October 10.  Hoffman, D.L. (2019), “AI and the Future of Retailing: From Efficiency to Experience,” New Insights on Retail Evolution from Top Universities, Sh || , Gies College of Business, University of Illinois, Ph.D. Expected 2021). Member. Dissertation topic : ""Me, Myself, and AI: The Impact of Artificial Intelligence on Marketing and the Self.""  Abishek Borah (Marketing, Marshall School of Busine || Business, University of Illinois, Ph.D. Expected 2021). Member. Dissertation topic : ""Me, Myself, and AI: The Impact of Artificial Intelligence on Marketing and the Self.""  Abishek Borah (Marketing, Marshall School of Business, USC, Ph.D. 2013. First placement : "
Faculty_Ormiston_CV_2016.12.pdf,Margaret Ormiston,0,,
Gehman_CV_20220218.pdf,Joel Gehman,1,Neural Network," Inquiry. 26: 303–325. doi:10.1177/1056492616689303.  17. Dong, C., Dong, X., Gehman, J. & Lefsrud, L.M. 2017. Using BP Neural Networks to Prioritize Risk Management Approaches for China’s Unconventional Shale Gas Industry. Sustainability. 9: 979. doi:10"
Jenny_Zha_Giedt_CV.pdf,Jenny Zha Giedt,,,
Khamooshi_Homayoun_Faculty_CV_2016.03.28.pdf,Homayoun Khamooshi,0,,
Pamphile-CV-Aug2025.pdf,Vontrese Pamphile,0,,
Vikram%20Bhargava%20CV%20.pdf,Vikram R. Bhargava,,,
VineetBhagwat_CV_2025Oct.pdf,Vineet Bhagwat,0,,
Weiner-CV-Dec-23-428d3c061bbe7d0e.pdf,Robert J. Weiner,0,,
William%20Stromsem%20CV.pdf,William Stromsem,0,,
Yun Zhang.pdf,Yun Zhang,0,,
_ FacultyCV_CTosun_7_11_2025.pdf,Cevat Tosun,0,,
aw_cv_august_2023.pdf,Ariel Weinberger,0,,
bronner_cv_april_2024.pdf,Ben Bronner,1,Artificial Intelligence,"/22   Adapting and Remixing OER, 11/2/22   Adopting OER into Your Courseware Material, 9/28/22   Miscellaneous   Use of Artificial Intelligence in the Classroom. Ad hoc group of GW faculty, George  Washington University, 1/18/23   Workshop on Grading Collaborativ"
curriculum-vitae,Robert Savickas,,,
cv_YuanGuo.pdf,Yuan Guo,0,,
cv_gergana_jostova_2025.pdf,Gergana Jostova,0,,
cv_rozenbaum_20230206.pdf,Oded Rozenbaum,0,,
cvannahelm_august2012.pdf,Anna Helm,0,,
davide_sonzogni_cv_august_2023.pdf,Davide Sonzogni,1,Artificial Intelligence,"      EDUCATION   Massachusetts Institute of Technology - Sloan School of Management              Online   Certificate, Artificial Intelligence: Implications for Business Strategy           2018    George Washington University                                     "
debass_cv-2025-gw.pdf,Thomas Debass,0,,
denise_falchetti_cv_2025_01_22.pdf,Denise Falchetti,1,AI,partment (2022 – now)  EDUCATIONAL ACTIVITIES June 2023 RM-CARMA Consortium [online] May 2023 Teaching Entrepreneurship AI Summit [online]                                                                                                        
ernie_englander_cv_may_2023.pdf,Ernie Englander,0,,
eve_misati_cv_june_2023.pdf,Everlyne Misati,0,,
ferreira_curriculum_vitae_20250520.pdf,Johan Ferreira,0,,
gwu_curriculum_vitae_stephen_d_young.pdf,Stephen Young,2,Machine Learning,"ation), Discrete Event Simulation, Uncertainty Analysis  (i.e. Probability), Data Analysis (i.e. Multivariate Methods), Machine Learning  (i.e. supervised and unsupervised  learning) , Survey of Research Methods (i.e. Decision Trees, Bayesian Belief Networ || Probability and Statistics, Regression and Multivariate Analysis, Generalized Linear Models,  Time Series, Data Mining, Machine Learning, Stochastics and Monte Carlo Simulation, Optimization, Advanced  Modeling Techniques, Risk Analytics, Database Design a"
handorf-cv-02-08-2016.doc,William C. Handorf,,,
jabbour  CV 2025.pdf,George M. Jabbour,0,,
jacobscv25.pdf,David Jacobs,1,AI,"992).  ""John Dunlop and the Quest for Consensus,"" The Academy of Management Review (July 1986). PRACTITIONER ARTICLES: “AI: Its Possibilities and Discontents,” Perspectives on Work (Fall 2024). “The Politicization of Catholic Social Teaching,"
jeffrey_joseph_cv.pdf,Jeffrey Joseph,0,,
jiawen_yang_cv_2023_ar.pdf,Jiawen Yang,0,,
jorge_rivera_cv_august_2023.pdf,Jorge E. Rivera,0,,
jph_cv_current.pdf,Patrick Hall,175,AI; Artificial Intelligence; Deep Learning; Generative AI; Machine Learning; NLP; Neural network; ai; artificial intelligence; deep learning; generative AI; machine learning,"Teaching Faculty ,The George Washington School of Business , Washington, DC ○Conducting research in support of the NIST AI Risk Management Framework. ○Teaching graduate and undergraduate classes relating to business analytics, data ethics and || ent Framework. ○Teaching graduate and undergraduate classes relating to business analytics, data ethics and responsible AI. 2023–Present Principal Scientist ,HallResearch.ai , Washington, DC ○Founded boutique AI consultancy with focus on resp ||  classes relating to business analytics, data ethics and responsible AI. 2023–Present Principal Scientist ,HallResearch.ai , Washington, DC ○Founded boutique AI consultancy with focus on responsible AI advice and implementation. ○Advising on  || s, data ethics and responsible AI. 2023–Present Principal Scientist ,HallResearch.ai , Washington, DC ○Founded boutique AI consultancy with focus on responsible AI advice and implementation. ○Advising on traditional model governance and gener || resent Principal Scientist ,HallResearch.ai , Washington, DC ○Founded boutique AI consultancy with focus on responsible AI advice and implementation. ○Advising on traditional model governance and generative AI risk management. ○Auditing high- || ue AI consultancy with focus on responsible AI advice and implementation. ○Advising on traditional model governance and generative AI risk management. ○Auditing high-impact machine learning systems in Consumer Finance, Big Tech and Fin Tech. ○Training c ||  and implementation. ○Advising on traditional model governance and generative AI risk management. ○Auditing high-impact machine learning systems in Consumer Finance, Big Tech and Fin Tech. ○Training corporate personnel and AI community members on AI risk m || ting high-impact machine learning systems in Consumer Finance, Big Tech and Fin Tech. ○Training corporate personnel and AI community members on AI risk management, explain- able AI, model validation, and model governance. 2020–2023 Visiting F ||  learning systems in Consumer Finance, Big Tech and Fin Tech. ○Training corporate personnel and AI community members on AI risk management, explain- able AI, model validation, and model governance. 2020–2023 Visiting Faculty ,The George Washi || nce, Big Tech and Fin Tech. ○Training corporate personnel and AI community members on AI risk management, explain- able AI, model validation, and model governance. 2020–2023 Visiting Faculty ,The George Washington School of Business , Washing || Edge and Data Ethics (DNSC 3288W), Analytics Edge and Data Ethics Bootcamp (DNSC 6301), Machine Learning 1 (DNSC 6314), Machine Learning 2 (DNSC 6315) and Responsible Machine Learning (DNSC 6290). ○Advising on curricula in the Department of Decision Scienc || Learning (DNSC 6290). ○Advising on curricula in the Department of Decision Sciences. 2019–2023 Principal Scientist ,BNH.AI , Washington, DC ○Co-founded a boutique law firm focused on minimizing the legal and technical risks of artificial inte || ientist ,BNH.AI , Washington, DC ○Co-founded a boutique law firm focused on minimizing the legal and technical risks of artificial intelligence (AI). ○Model audit and certification. ○AI system red teaming and incident response. ○Development of bespoke software of || ton, DC ○Co-founded a boutique law firm focused on minimizing the legal and technical risks of artificial intelligence (AI). ○Model audit and certification. ○AI system red teaming and incident response. ○Development of bespoke software offeri || m focused on minimizing the legal and technical risks of artificial intelligence (AI). ○Model audit and certification. ○AI system red teaming and incident response. ○Development of bespoke software offerings for bias testing and data privacy  || rings for bias testing and data privacy risk controls. ○Assisting with legal guidance related to the use of explainable machine learning (ML), interpretable ML models, generation of adverse action notices, algorithmic discrimination, data privacy, ML secur || r the Master of Science in Business Analytics program in 2019. 2017–2020 Senior Director for Data Science Products ,H2O.ai , Mountain View, CA ○Product management and design for interpretable models, ML explanation, model de- bugging, and dis || for interpretable models, ML explanation, model de- bugging, and discrimination testing in the award-winning Driverless AI AutoML product, resulting in $50M+ revenue and venture funding. /envel⌢pejphall@gwu.edu •/linkedin-injpatrickhall •/git || nical sales lead for responsible ML in US financial services. 2016–2017 Senior Product Engineer and Data Scientist ,H2O.ai , Mountain View, CA ○Implemented prototypes for increased trust and understanding, and reduced discrimination, in black || anding, and reduced discrimination, in black-box AutoML decision-making systems, later incorporated into H2O Driverless AI. ○Advised data science groups across the US financial services industry. ○Co-organized Washington DC AI and Deep Learni ||  H2O Driverless AI. ○Advised data science groups across the US financial services industry. ○Co-organized Washington DC AI and Deep Learning meetup group. 2014–2016 Senior Machine Learning Scientist ,SAS Institute , Arlington, VA ○Influenced  || iverless AI. ○Advised data science groups across the US financial services industry. ○Co-organized Washington DC AI and Deep Learning meetup group. 2014–2016 Senior Machine Learning Scientist ,SAS Institute , Arlington, VA ○Influenced ML research direct || oss the US financial services industry. ○Co-organized Washington DC AI and Deep Learning meetup group. 2014–2016 Senior Machine Learning Scientist ,SAS Institute , Arlington, VA ○Influenced ML research direction for SAS Enterprise Miner, a leading commerci || eb services and to be monitored using industry standard model management tools. ○Teamed up with colleagues to introduce deep learning research into SAS Enterprise Miner R & D; awarded Coolest Idea prize with two colleagues in SAS Advanced Analytics Scie || o SAS Enterprise Miner R & D; awarded Coolest Idea prize with two colleagues in SAS Advanced Analytics Science Fair for Deep Learning in Enterprise Miner project. 2011–2012 Practicum Project Team Leader ,M&T Bank , Buffalo, NY ○Directed strategy, manage ||  of decorrelated variables. 9471869 Determination of composite clusters. 9424337 Number of clusters estimation. 9367799 Neural network based cluster visualization that computes pairwise distances between centroid locations, and determines a projected cen || zed cluster analysis framework for decorrelated cluster identification in datasets. Selected Publications NIST (2024). “AI 600-1, Generative AI Risk Profile”. In: nist.gov .https://nvlpubs.nist.gov/nistpubs/ ai/NIST.AI.600-1.pdf . Schwartz, R || r analysis framework for decorrelated cluster identification in datasets. Selected Publications NIST (2024). “AI 600-1, Generative AI Risk Profile”. In: nist.gov .https://nvlpubs.nist.gov/nistpubs/ ai/NIST.AI.600-1.pdf . Schwartz, Reva et al. (2024a). “ || cted Publications NIST (2024). “AI 600-1, Generative AI Risk Profile”. In: nist.gov .https://nvlpubs.nist.gov/nistpubs/ ai/NIST.AI.600-1.pdf . Schwartz, Reva et al. (2024a). “The Assessing Risks and Impacts of AI (ARIA) Program Evaluation Des || lications NIST (2024). “AI 600-1, Generative AI Risk Profile”. In: nist.gov .https://nvlpubs.nist.gov/nistpubs/ ai/NIST.AI.600-1.pdf . Schwartz, Reva et al. (2024a). “The Assessing Risks and Impacts of AI (ARIA) Program Evaluation Design Docu || ://nvlpubs.nist.gov/nistpubs/ ai/NIST.AI.600-1.pdf . Schwartz, Reva et al. (2024a). “The Assessing Risks and Impacts of AI (ARIA) Program Evaluation Design Document”. In: nist.gov .https://ai-challenges.nist.gov/aria/docs/ARIA_Program_ Compan || t al. (2024a). “The Assessing Risks and Impacts of AI (ARIA) Program Evaluation Design Document”. In: nist.gov .https://ai-challenges.nist.gov/aria/docs/ARIA_Program_ Companion_Document_Dec20.pdf . Schwartz, Reva et al. (2024b). “The NIST Ass || cs/ARIA_Program_ Companion_Document_Dec20.pdf . Schwartz, Reva et al. (2024b). “The NIST Assessing Risks and Impacts of AI (ARIA) Pilot Evaluation Plan”. In:nist.gov .https://ai-challenges.nist.gov/aria/docs/evaluation_plan.pdf . /envel⌢pejph || z, Reva et al. (2024b). “The NIST Assessing Risks and Impacts of AI (ARIA) Pilot Evaluation Plan”. In:nist.gov .https://ai-challenges.nist.gov/aria/docs/evaluation_plan.pdf . /envel⌢pejphall@gwu.edu •/linkedin-injpatrickhall •/githubjphall663 || plan.pdf . /envel⌢pejphall@gwu.edu •/linkedin-injpatrickhall •/githubjphall663 3/9 Atherton, Daniel et al. (2023). NIST AI 100-3: The Language of Trustworthy AI: An In-Depth Glossary of Terms . URL: https://nvlpubs.nist.gov/nistpubs/ai/NIST.A || inkedin-injpatrickhall •/githubjphall663 3/9 Atherton, Daniel et al. (2023). NIST AI 100-3: The Language of Trustworthy AI: An In-Depth Glossary of Terms . URL: https://nvlpubs.nist.gov/nistpubs/ai/NIST.AI.100-3.pdf . Hall, Patrick, James Cur || . NIST AI 100-3: The Language of Trustworthy AI: An In-Depth Glossary of Terms . URL: https://nvlpubs.nist.gov/nistpubs/ai/NIST.AI.100-3.pdf . Hall, Patrick, James Curtis, and Parul Pandey (2023). Machine Learning for High-risk Applications . || I 100-3: The Language of Trustworthy AI: An In-Depth Glossary of Terms . URL: https://nvlpubs.nist.gov/nistpubs/ai/NIST.AI.100-3.pdf . Hall, Patrick, James Curtis, and Parul Pandey (2023). Machine Learning for High-risk Applications . URL: ht || s . URL: https://nvlpubs.nist.gov/nistpubs/ai/NIST.AI.100-3.pdf . Hall, Patrick, James Curtis, and Parul Pandey (2023). Machine Learning for High-risk Applications . URL: https://www.oreilly.com/library/view/machine-learning-for/9781098102425/ . Sebastopol ||  https://www.oreilly.com/library/view/machine-learning-for/9781098102425/ . Sebastopol, CA: O’Reilly. NIST (2023). NIST AI 100-1: AI Risk Management Framework . URL: https://nvlpubs.nist.gov/ nistpubs/ai/NIST.AI.100-1.pdf . Brennen, Andrea et || ww.oreilly.com/library/view/machine-learning-for/9781098102425/ . Sebastopol, CA: O’Reilly. NIST (2023). NIST AI 100-1: AI Risk Management Framework . URL: https://nvlpubs.nist.gov/ nistpubs/ai/NIST.AI.100-1.pdf . Brennen, Andrea et al. (2022 || topol, CA: O’Reilly. NIST (2023). NIST AI 100-1: AI Risk Management Framework . URL: https://nvlpubs.nist.gov/ nistpubs/ai/NIST.AI.100-1.pdf . Brennen, Andrea et al. (2022). AI Assurance Audit of RoBERTa, an Open source, Pretrained Large Lang || A: O’Reilly. NIST (2023). NIST AI 100-1: AI Risk Management Framework . URL: https://nvlpubs.nist.gov/ nistpubs/ai/NIST.AI.100-1.pdf . Brennen, Andrea et al. (2022). AI Assurance Audit of RoBERTa, an Open source, Pretrained Large Language Mod || sk Management Framework . URL: https://nvlpubs.nist.gov/ nistpubs/ai/NIST.AI.100-1.pdf . Brennen, Andrea et al. (2022). AI Assurance Audit of RoBERTa, an Open source, Pretrained Large Language Model . URL: https://assets.iqt.org/pdfs/IQTLabs_ || atascience. com/the-data-scientific-method-vs-the-scientific-method/ . –(2022b). What We Learned Auditing Sophisticated AI for Bias . URL: https://www.oreilly.com/radar/ what-we-learned-auditing-sophisticated-ai-for-bias/ . Schwartz, Reva et  || Learned Auditing Sophisticated AI for Bias . URL: https://www.oreilly.com/radar/ what-we-learned-auditing-sophisticated-ai-for-bias/ . Schwartz, Reva et al. (2022). NIST SP1270: Towards a Standard for Identifying and Managing Bias in Artifici || cated-ai-for-bias/ . Schwartz, Reva et al. (2022). NIST SP1270: Towards a Standard for Identifying and Managing Bias in Artificial Intelligence . URL: https://nvlpubs.nist.gov/nistpubs/SpecialPublications/NIST.SP. 1270.pdf . Buehler, Kevin et al. (2021). Getting  || /nistpubs/SpecialPublications/NIST.SP. 1270.pdf . Buehler, Kevin et al. (2021). Getting to know—and manage—your biggest AI risks . URL: https://www. mckinsey.com/capabilities/quantumblack/our- insights/getting- to- know- and- manage- your-big || s . URL: https://www. mckinsey.com/capabilities/quantumblack/our- insights/getting- to- know- and- manage- your-biggest-ai-risks . Hall, Patrick and Ayoub Ouederni (2021). Seven Legal Questions for Data Scientists . URL: https://www. oreilly. || /seven-legal-questions-for-data-scientists/ . Hall, Patrick et al. (2021). “A United States Fair Lending Perspective on Machine Learning”. In: Frontiers in Artificial Intelligence 4. URL: https://www.frontiersin.org/articles/10.3389/frai.2021. 695301/full  || ntists/ . Hall, Patrick et al. (2021). “A United States Fair Lending Perspective on Machine Learning”. In: Frontiers in Artificial Intelligence 4. URL: https://www.frontiersin.org/articles/10.3389/frai.2021. 695301/full . Leong, Brenda and Patrick Hall (2021). Fi || /articles/10.3389/frai.2021. 695301/full . Leong, Brenda and Patrick Hall (2021). Five Things Lawyers Should Know About Artificial Intelligence . URL: https://www.abajournal.com/columns/article/5-things-lawyers-should-know-about- artificial-intelligence/ . Burt,  || le/5-things-lawyers-should-know-about- artificial-intelligence/ . Burt, Andrew and Patrick Hall (2020). What to Do When AI Fails . URL: https://www.oreilly.com/ radar/what-to-do-when-ai-fails/ . Darnell, Dan, Rafael Coss, and Patrick Hall (20 ||  . Burt, Andrew and Patrick Hall (2020). What to Do When AI Fails . URL: https://www.oreilly.com/ radar/what-to-do-when-ai-fails/ . Darnell, Dan, Rafael Coss, and Patrick Hall (2020). The Future of Analytics: The New Landscape of Artificial I || o-do-when-ai-fails/ . Darnell, Dan, Rafael Coss, and Patrick Hall (2020). The Future of Analytics: The New Landscape of Artificial Intelligence and Machine Learning Applications . URL: http://info.h2o.ai/rs/644-PKX- 778/images/OReilly-The-Future-of-Analytics-eBoo || l, Dan, Rafael Coss, and Patrick Hall (2020). The Future of Analytics: The New Landscape of Artificial Intelligence and Machine Learning Applications . URL: http://info.h2o.ai/rs/644-PKX- 778/images/OReilly-The-Future-of-Analytics-eBook.pdf . Hall, Patrick || ure of Analytics: The New Landscape of Artificial Intelligence and Machine Learning Applications . URL: http://info.h2o.ai/rs/644-PKX- 778/images/OReilly-The-Future-of-Analytics-eBook.pdf . Hall, Patrick (2020a). Explaining Machine Learning M || http://info.h2o.ai/rs/644-PKX- 778/images/OReilly-The-Future-of-Analytics-eBook.pdf . Hall, Patrick (2020a). Explaining Machine Learning Models to the Business . URL: https://www.infoworld. com/article/3533369/explaining-machine-learning-models-to-the-busi || le/3533369/explaining-machine-learning-models-to-the-business.html . Hall, Patrick and Andrew Burt (2020a). “Build Your AI Incident Response Plan... Before It’s Too Late”. In: Cyber Defense eMagazine (August). URL: https://www.cyberdefensemag || n... Before It’s Too Late”. In: Cyber Defense eMagazine (August). URL: https://www.cyberdefensemagazine.com/build-your- ai-incident-response-plan/ . – (2020b). Sample AI Incident Response Checklist . URL: https://bnh-ai.github.io/resources/ . || Magazine (August). URL: https://www.cyberdefensemagazine.com/build-your- ai-incident-response-plan/ . – (2020b). Sample AI Incident Response Checklist . URL: https://bnh-ai.github.io/resources/ . Hall, Patrick, Navdeep Gill, and Benjamin Cox  || gazine.com/build-your- ai-incident-response-plan/ . – (2020b). Sample AI Incident Response Checklist . URL: https://bnh-ai.github.io/resources/ . Hall, Patrick, Navdeep Gill, and Benjamin Cox (2020). Responsible Machine Learning: Actionable S || hecklist . URL: https://bnh-ai.github.io/resources/ . Hall, Patrick, Navdeep Gill, and Benjamin Cox (2020). Responsible Machine Learning: Actionable Strategies for Mitigating Risks and Driving Adoption . URL: http://info.h2o.ai/rs/644-PKX-778/images/ OReil || ). Responsible Machine Learning: Actionable Strategies for Mitigating Risks and Driving Adoption . URL: http://info.h2o.ai/rs/644-PKX-778/images/ OReilly_Responsible_ML_eBook.pdf . Hall, Patrick and Michael Proksch (2020). From GLM to GBM – P || From GLM to GBM – Part 2: How an Economics Nobel Prize could revolutionize insurance and lending . URL: https://www.h2o.ai/blog/from-glm-to-gbm-part-2/ . /envel⌢pejphall@gwu.edu •/linkedin-injpatrickhall •/githubjphall663 4/9 Hall, Patrick an ||  /envel⌢pejphall@gwu.edu •/linkedin-injpatrickhall •/githubjphall663 4/9 Hall, Patrick and Collin Starkweather (2020). “AI Incidents in Financial Services – Parts 1 and 2”. In: Thompson-Reuters Regulatory Intelligence . Hall, Patrick et al. ( || l Services – Parts 1 and 2”. In: Thompson-Reuters Regulatory Intelligence . Hall, Patrick et al. (2020). “A Responsible Machine Learning Workflow with Focus on Interpretable Models, Post-hoc Explanation, and Discrimination Testing”. In: Information 11 (3). || ination Testing”. In: Information 11 (3). URL: https://www.mdpi. com/2078-2489/11/3/137 . Hall, Patrick et al. (2020b). Machine Learning: Considerations for fairly and transparently expanding access to credit . URL: https://bit.ly/33cIJf5 . Mugdal, Yogesh  || s for fairly and transparently expanding access to credit . URL: https://bit.ly/33cIJf5 . Mugdal, Yogesh et al. (2020). Artificial Intelligence Risk & Governance . URL: https://ai.wharton.upenn. edu/artificial-intelligence-risk-governance/ . Proksch, Michael and  ||  . URL: https://bit.ly/33cIJf5 . Mugdal, Yogesh et al. (2020). Artificial Intelligence Risk & Governance . URL: https://ai.wharton.upenn. edu/artificial-intelligence-risk-governance/ . Proksch, Michael and Patrick Hall (2020). From GLM to GBM || From GLM to GBM – Part 1: How an Economics Nobel Prize could revolutionize insurance and lending . URL: https://www.h2o.ai/blog/from-glm-to-gbm-part-1/ . Hall, Patrick (2019a). “On the Art and Science of Machine Learning Explanations”. In: KD ||  and lending . URL: https://www.h2o.ai/blog/from-glm-to-gbm-part-1/ . Hall, Patrick (2019a). “On the Art and Science of Machine Learning Explanations”. In: KDD XAI Workshop . URL: https://arxiv.org/pdf/1810.02909.pdf . –(2019b). Proposals for Model Vulnera || strategies-for-model-debugging-aa822f1097ce . Hall, Patrick and Andrew Burt (2019). Why You Should Care About Debugging Machine Learning Models . URL: https://www.oreilly.com/radar/why- you- should- care- about- debugging- machine- learning-models/ . Hall, || - should- care- about- debugging- machine- learning-models/ . Hall, Patrick and Navdeep Gill (2019). An Introduction to Machine Learning Interpretability: An Applied Perspective on Fairness, Accountability, Transparency, and Explainable AI, 2ndEdition . UR || to Machine Learning Interpretability: An Applied Perspective on Fairness, Accountability, Transparency, and Explainable AI, 2ndEdition . URL: https: / / www . h2o . ai / wp - content / uploads / 2019 / 08 / An - Introduction - to - Machine -  || ied Perspective on Fairness, Accountability, Transparency, and Explainable AI, 2ndEdition . URL: https: / / www . h2o . ai / wp - content / uploads / 2019 / 08 / An - Introduction - to - Machine - Learning - Interpretability-Second-Edition.pd || . Hall, Patrick, Navdeep Gill, and Nicholas Schmidt (2019). “Proposed Guidelines for the Responsible Use of Explainable Machine Learning”. In: NeurIPS Robust AI in Financial Services Workshop . URL: https: //arxiv.org/pdf/1906.03533.pdf . Stalla-Bourdillon || holas Schmidt (2019). “Proposed Guidelines for the Responsible Use of Explainable Machine Learning”. In: NeurIPS Robust AI in Financial Services Workshop . URL: https: //arxiv.org/pdf/1906.03533.pdf . Stalla-Bourdillon, Sophie et al. (2019).  || rxiv.org/pdf/1906.03533.pdf . Stalla-Bourdillon, Sophie et al. (2019). Warning Signs: Privacy and Security in an Age of Machine Learning . URL: https://fpf.org/wp-content/uploads/2019/09/FPF_WarningSigns_Report.pdf . Hall, Patrick and Navdeep Gill (2018).  || .org/wp-content/uploads/2019/09/FPF_WarningSigns_Report.pdf . Hall, Patrick and Navdeep Gill (2018). An Introduction to Machine Learning Interpretability: An Applied Perspective on Fairness, Accountability, Transparency, and Explainable AI . URL: https://p || to Machine Learning Interpretability: An Applied Perspective on Fairness, Accountability, Transparency, and Explainable AI . URL: https://pages.dataiku. com/hubfs/ML-interperatability.pdf . Hall, Patrick, Navdeep Gill, and Lingyao Meng (2018) || tps://pages.dataiku. com/hubfs/ML-interperatability.pdf . Hall, Patrick, Navdeep Gill, and Lingyao Meng (2018). Testing Machine Learning Explanation Techniques . URL: https://www.oreilly.com/ideas/testing-machine-learning-interpretability-techniques . Hall || L: https://openreview.net/pdf?id= r1iWHVJ7Z . Hall, Patrick, Megan Kurka, and Angela Bartz (2017). Using H2O Driverless AI . URL: http://docs.h2o. ai/driverless-ai/latest-lts/docs/booklets/DriverlessAIBooklet.pdf . Hall, Patrick, Wen Phan, an || df?id= r1iWHVJ7Z . Hall, Patrick, Megan Kurka, and Angela Bartz (2017). Using H2O Driverless AI . URL: http://docs.h2o. ai/driverless-ai/latest-lts/docs/booklets/DriverlessAIBooklet.pdf . Hall, Patrick, Wen Phan, and Sri Satish Ambati (2017). || 7Z . Hall, Patrick, Megan Kurka, and Angela Bartz (2017). Using H2O Driverless AI . URL: http://docs.h2o. ai/driverless-ai/latest-lts/docs/booklets/DriverlessAIBooklet.pdf . Hall, Patrick, Wen Phan, and Sri Satish Ambati (2017). Ideas on Inte || ts/docs/booklets/DriverlessAIBooklet.pdf . Hall, Patrick, Wen Phan, and Sri Satish Ambati (2017). Ideas on Interpreting Machine Learning . URL: https://www.oreilly.com/ideas/ideas-on-interpreting-machine-learning . Hall, Patrick et al. (2017). Machine Lear || ine Learning . URL: https://www.oreilly.com/ideas/ideas-on-interpreting-machine-learning . Hall, Patrick et al. (2017). Machine Learning Interpretability with H2O Driverless AI . URL: http://docs. h2o.ai/driverless-ai/latest-stable/docs/booklets/MLIBooklet || s-on-interpreting-machine-learning . Hall, Patrick et al. (2017). Machine Learning Interpretability with H2O Driverless AI . URL: http://docs. h2o.ai/driverless-ai/latest-stable/docs/booklets/MLIBooklet.pdf . /envel⌢pejphall@gwu.edu •/linkedi || earning . Hall, Patrick et al. (2017). Machine Learning Interpretability with H2O Driverless AI . URL: http://docs. h2o.ai/driverless-ai/latest-stable/docs/booklets/MLIBooklet.pdf . /envel⌢pejphall@gwu.edu •/linkedin-injpatrickhall •/githubjp || , Patrick et al. (2017). Machine Learning Interpretability with H2O Driverless AI . URL: http://docs. h2o.ai/driverless-ai/latest-stable/docs/booklets/MLIBooklet.pdf . /envel⌢pejphall@gwu.edu •/linkedin-injpatrickhall •/githubjphall663 5/9 Ha || riking - a - balance - between - accuracy-and-interpretability . –(2016b). The Preoccupation with Test Error in Applied Machine Learning . URL: https://www.oreilly. com/ideas/the-preoccupation-with-test-error-in-applied-machine-learning . Hall, Patrick, We || /doi/10.1190/ice2016-6319324.1 , pp. 239–239. Wujek, Brett, Patrick Hall, and Funda G¨ unes (2016). “Best Practices for Machine Learning Applications”. In:Proceedings of SAS Global Forum . URL: https : / / support . sas . com / resources / papers / proceed || upport . sas . com / resources / papers / proceedings16/SAS2360-2016.pdf . Hall, Patrick et al. (2014). “An Overview of Machine Learning with SAS Enterprise Miner”. In: Proceedings of SAS Global Forum . URL: http://citeseerx.ist.psu.edu/viewdoc/download?do || cs.org/doi/abs/10.1021/jm060492b , pp. 7331–7341. Selected Conferences, Presentations and Podcasts ○Poor Measurement in AI , GMU Guest Lecture for Professor Missy Cummings ○Overcoming Organizational Challenges When Adopting The NIST AI Risk M || ent in AI , GMU Guest Lecture for Professor Missy Cummings ○Overcoming Organizational Challenges When Adopting The NIST AI Risk Management Framework , GWU TRAILSCon 2025 ○ACM FAccT Conference 2025 (Program Committee) ○The AI Revolution in Con || Adopting The NIST AI Risk Management Framework , GWU TRAILSCon 2025 ○ACM FAccT Conference 2025 (Program Committee) ○The AI Revolution in Consumer Finance (Invited, Session chair) Philadelphia Federal Reserve, 2024 ○Dispelling magical thinking || r Finance (Invited, Session chair) Philadelphia Federal Reserve, 2024 ○Dispelling magical thinking and the black box of AI with GWU’s Patrick Hall Humans of AI Podcast, 2024 ○De-risking Generative AI for Adoption , Databricks AI Summit, 2023  || iladelphia Federal Reserve, 2024 ○Dispelling magical thinking and the black box of AI with GWU’s Patrick Hall Humans of AI Podcast, 2024 ○De-risking Generative AI for Adoption , Databricks AI Summit, 2023 ○Practice Tutorial: Using the NIST AI || 024 ○Dispelling magical thinking and the black box of AI with GWU’s Patrick Hall Humans of AI Podcast, 2024 ○De-risking Generative AI for Adoption , Databricks AI Summit, 2023 ○Practice Tutorial: Using the NIST AI Risk Management Framework (Tutorial) AC ||  black box of AI with GWU’s Patrick Hall Humans of AI Podcast, 2024 ○De-risking Generative AI for Adoption , Databricks AI Summit, 2023 ○Practice Tutorial: Using the NIST AI Risk Management Framework (Tutorial) ACM FAccT Conference, 2023 ○ACM || AI Podcast, 2024 ○De-risking Generative AI for Adoption , Databricks AI Summit, 2023 ○Practice Tutorial: Using the NIST AI Risk Management Framework (Tutorial) ACM FAccT Conference, 2023 ○ACM FAccT Conference 2023 (Program Committee) ○Machine || NIST AI Risk Management Framework (Tutorial) ACM FAccT Conference, 2023 ○ACM FAccT Conference 2023 (Program Committee) ○Machine Learning Explainability Master Class (Invited) UNCC Analytics Frontiers Conference, 2023 ○Explainable Machine Learning Models (I || mmittee) ○Machine Learning Explainability Master Class (Invited) UNCC Analytics Frontiers Conference, 2023 ○Explainable Machine Learning Models (Invited) NSCU Institute for Advanced Analytics Guest Lecture, 2023 ○Quality AI/ML Models by Design with PiML (I ||  2023 ○Explainable Machine Learning Models (Invited) NSCU Institute for Advanced Analytics Guest Lecture, 2023 ○Quality AI/ML Models by Design with PiML (Invited) OpenTeams TechShares, 2023 /envel⌢pejphall@gwu.edu •/linkedin-injpatrickhall •/ || nvited) OpenTeams TechShares, 2023 /envel⌢pejphall@gwu.edu •/linkedin-injpatrickhall •/githubjphall663 6/9 ○Emerging ML/AI Topics in Consumer Credit (Invited, Session chair) Philadelphia Federal Reserve, 2023 ○Seven Legal Questions for Data S || ited, Session chair) Philadelphia Federal Reserve, 2023 ○Seven Legal Questions for Data Scientists GWU SEAS Trustworthy AI PhD Seminar, 2022 ○Workshop on the Ethical Design of AIs (EDAIs) National Science Foundation Ideation Workshop, 2022 ○A || op on the Ethical Design of AIs (EDAIs) National Science Foundation Ideation Workshop, 2022 ○A Tutorial on Contemporary Machine Learning Risk Management (Invited) NSCU Institute for Advanced Analytics Guest Lecture, 2022 ○AI and Hiring Tech Panel (Invited) || l on Contemporary Machine Learning Risk Management (Invited) NSCU Institute for Advanced Analytics Guest Lecture, 2022 ○AI and Hiring Tech Panel (Invited) DEFCON, 2022 ○Interpretable and Explainable AI and Machine Learning (Invited) National  ||  Advanced Analytics Guest Lecture, 2022 ○AI and Hiring Tech Panel (Invited) DEFCON, 2022 ○Interpretable and Explainable AI and Machine Learning (Invited) National Academy of Science, 2022 ○An Overview of the U.S. National Institute of Standar || ed Analytics Guest Lecture, 2022 ○AI and Hiring Tech Panel (Invited) DEFCON, 2022 ○Interpretable and Explainable AI and Machine Learning (Invited) National Academy of Science, 2022 ○An Overview of the U.S. National Institute of Standards and Technology (NI || Academy of Science, 2022 ○An Overview of the U.S. National Institute of Standards and Technology (NIST) Socio-technical AI Bias Guidance Frankfurt AI Risk Roundtable, 2022 ○AI RMF Function Govern (Invited, Session chair) National Institute of || n Overview of the U.S. National Institute of Standards and Technology (NIST) Socio-technical AI Bias Guidance Frankfurt AI Risk Roundtable, 2022 ○AI RMF Function Govern (Invited, Session chair) National Institute of Standards and Technology,  || ional Institute of Standards and Technology (NIST) Socio-technical AI Bias Guidance Frankfurt AI Risk Roundtable, 2022 ○AI RMF Function Govern (Invited, Session chair) National Institute of Standards and Technology, 2022 ○Fairness, Governance ||  (Invited, Session chair) National Institute of Standards and Technology, 2022 ○Fairness, Governance, and the Future of Artificial Intelligence (Invited) Elon Analytics Day: Analytics in Society, 2022 ○A Tutorial on Contemporary Machine Learning Risk Management ( ||  Future of Artificial Intelligence (Invited) Elon Analytics Day: Analytics in Society, 2022 ○A Tutorial on Contemporary Machine Learning Risk Management (Tutorial, Invited) ODSC, 2022 ○Does your AI system comply with the law? ZDNet Podcast, 2021 ○AI Supers || in Society, 2022 ○A Tutorial on Contemporary Machine Learning Risk Management (Tutorial, Invited) ODSC, 2022 ○Does your AI system comply with the law? ZDNet Podcast, 2021 ○AI Superstream Series: Responsible AI (Invited) AI Superstream Series: ||  Learning Risk Management (Tutorial, Invited) ODSC, 2022 ○Does your AI system comply with the law? ZDNet Podcast, 2021 ○AI Superstream Series: Responsible AI (Invited) AI Superstream Series: Responsible AI, 2021 ○Real-world Strategies for Deb || , Invited) ODSC, 2022 ○Does your AI system comply with the law? ZDNet Podcast, 2021 ○AI Superstream Series: Responsible AI (Invited) AI Superstream Series: Responsible AI, 2021 ○Real-world Strategies for Debugging Machine Learning Systems Dat || SC, 2022 ○Does your AI system comply with the law? ZDNet Podcast, 2021 ○AI Superstream Series: Responsible AI (Invited) AI Superstream Series: Responsible AI, 2021 ○Real-world Strategies for Debugging Machine Learning Systems DataBricks AI Su || y with the law? ZDNet Podcast, 2021 ○AI Superstream Series: Responsible AI (Invited) AI Superstream Series: Responsible AI, 2021 ○Real-world Strategies for Debugging Machine Learning Systems DataBricks AI Summit, 2021 ○What to Do When AI Fail || tream Series: Responsible AI (Invited) AI Superstream Series: Responsible AI, 2021 ○Real-world Strategies for Debugging Machine Learning Systems DataBricks AI Summit, 2021 ○What to Do When AI Fails with Andrew Burt and Patrick Hall O’Reilly Meet Experts, 2 || d) AI Superstream Series: Responsible AI, 2021 ○Real-world Strategies for Debugging Machine Learning Systems DataBricks AI Summit, 2021 ○What to Do When AI Fails with Andrew Burt and Patrick Hall O’Reilly Meet Experts, 2021 ○Bias in AI: Under || ible AI, 2021 ○Real-world Strategies for Debugging Machine Learning Systems DataBricks AI Summit, 2021 ○What to Do When AI Fails with Andrew Burt and Patrick Hall O’Reilly Meet Experts, 2021 ○Bias in AI: Understand the impact on marketing and || Bricks AI Summit, 2021 ○What to Do When AI Fails with Andrew Burt and Patrick Hall O’Reilly Meet Experts, 2021 ○Bias in AI: Understand the impact on marketing and advertising (Invited) Quantcast Webinar, 2021 ○What To Do When AI Fails: AI Inc || 2021 ○Bias in AI: Understand the impact on marketing and advertising (Invited) Quantcast Webinar, 2021 ○What To Do When AI Fails: AI Incident Response MLConf, 2021 ○AI Regulation in Finance Panel (Invited) QuantUniversity, 2021 ○Responsible A ||  in AI: Understand the impact on marketing and advertising (Invited) Quantcast Webinar, 2021 ○What To Do When AI Fails: AI Incident Response MLConf, 2021 ○AI Regulation in Finance Panel (Invited) QuantUniversity, 2021 ○Responsible AI (Invited || rketing and advertising (Invited) Quantcast Webinar, 2021 ○What To Do When AI Fails: AI Incident Response MLConf, 2021 ○AI Regulation in Finance Panel (Invited) QuantUniversity, 2021 ○Responsible AI (Invited) Georgetown University Master’s in || I Fails: AI Incident Response MLConf, 2021 ○AI Regulation in Finance Panel (Invited) QuantUniversity, 2021 ○Responsible AI (Invited) Georgetown University Master’s in Business Analytics Guest Lecture, 2021 ○AI Incident Response: What to Do Wh || antUniversity, 2021 ○Responsible AI (Invited) Georgetown University Master’s in Business Analytics Guest Lecture, 2021 ○AI Incident Response: What to Do When AI Fails (Invited) RSQRD Meetup, 2021 ○Real-world Strategies for Model Debugging (In || nvited) Georgetown University Master’s in Business Analytics Guest Lecture, 2021 ○AI Incident Response: What to Do When AI Fails (Invited) RSQRD Meetup, 2021 ○Real-world Strategies for Model Debugging (Invited) Duke University Master’s of Sta || trategies for Model Debugging (Invited) Duke University Master’s of Statistics Proseminer Series, 2021 ○What To Do When AI Fails: AI Incident Response (Invited) QuantUniversity, 2021 ○What does a risk management strategy look like for explain || for Model Debugging (Invited) Duke University Master’s of Statistics Proseminer Series, 2021 ○What To Do When AI Fails: AI Incident Response (Invited) QuantUniversity, 2021 ○What does a risk management strategy look like for explainable AI? ( || s: AI Incident Response (Invited) QuantUniversity, 2021 ○What does a risk management strategy look like for explainable AI? (Invited) National Institute of Standards and Technology, 2021 ○Algorithmic Decision Making: Exploring Practical Appro || y, 2021 ○Algorithmic Decision Making: Exploring Practical Approaches to Liability, Fairness, and Explainability Toronto Machine Learning Series, 2020 ○US Perspective on Avoiding, Detecting and Responding to the Liabilities of AI and Analytics (Invited) Fra || ility Toronto Machine Learning Series, 2020 ○US Perspective on Avoiding, Detecting and Responding to the Liabilities of AI and Analytics (Invited) Frankfurt AI Risk Roundtable, 2020 ○Managing AI Liabilities: A Tech-Literate Legal Perspective  || , 2020 ○US Perspective on Avoiding, Detecting and Responding to the Liabilities of AI and Analytics (Invited) Frankfurt AI Risk Roundtable, 2020 ○Managing AI Liabilities: A Tech-Literate Legal Perspective on Machine Learning DC Data Science M ||  Detecting and Responding to the Liabilities of AI and Analytics (Invited) Frankfurt AI Risk Roundtable, 2020 ○Managing AI Liabilities: A Tech-Literate Legal Perspective on Machine Learning DC Data Science Meetup, 2020 ○What to Do When AI Fai || d Analytics (Invited) Frankfurt AI Risk Roundtable, 2020 ○Managing AI Liabilities: A Tech-Literate Legal Perspective on Machine Learning DC Data Science Meetup, 2020 ○What to Do When AI Fails /envel⌢pejphall@gwu.edu •/linkedin-injpatrickhall •/githubjphall || ing AI Liabilities: A Tech-Literate Legal Perspective on Machine Learning DC Data Science Meetup, 2020 ○What to Do When AI Fails /envel⌢pejphall@gwu.edu •/linkedin-injpatrickhall •/githubjphall663 7/9 Mind Hack, 2020 ○Mitigating the Liabiliti ||  /envel⌢pejphall@gwu.edu •/linkedin-injpatrickhall •/githubjphall663 7/9 Mind Hack, 2020 ○Mitigating the Liabilities of Artificial Intelligence in NLP NLP Summit, 2020 ○Real-world Strategies for Model Debugging Toronto Machine Learning Series, April 2020 ○Interpr || linkedin-injpatrickhall •/githubjphall663 7/9 Mind Hack, 2020 ○Mitigating the Liabilities of Artificial Intelligence in NLP NLP Summit, 2020 ○Real-world Strategies for Model Debugging Toronto Machine Learning Series, April 2020 ○Interpretable  || edin-injpatrickhall •/githubjphall663 7/9 Mind Hack, 2020 ○Mitigating the Liabilities of Artificial Intelligence in NLP NLP Summit, 2020 ○Real-world Strategies for Model Debugging Toronto Machine Learning Series, April 2020 ○Interpretable and  || g the Liabilities of Artificial Intelligence in NLP NLP Summit, 2020 ○Real-world Strategies for Model Debugging Toronto Machine Learning Series, April 2020 ○Interpretable and Fair Machine Learning in Finance ASA Symposium on Data Science and Statistics, 20 || it, 2020 ○Real-world Strategies for Model Debugging Toronto Machine Learning Series, April 2020 ○Interpretable and Fair Machine Learning in Finance ASA Symposium on Data Science and Statistics, 2020 (Session chair and organizer) ○Toward Human-Centered Mach || ning in Finance ASA Symposium on Data Science and Statistics, 2020 (Session chair and organizer) ○Toward Human-Centered Machine Learning CrunchConf, 2019 (Invited) ○Proposed Guidelines for the Responsible Use of Explainable Machine Learning KDD, 2019 (Invi ||  Human-Centered Machine Learning CrunchConf, 2019 (Invited) ○Proposed Guidelines for the Responsible Use of Explainable Machine Learning KDD, 2019 (Invited) ○Increasing Trust and Interpretability in Machine Learning with Model Debugging JSM, 2019 (Invited) || s for the Responsible Use of Explainable Machine Learning KDD, 2019 (Invited) ○Increasing Trust and Interpretability in Machine Learning with Model Debugging JSM, 2019 (Invited) ○Practical Techniques for Interpretable Machine Learning (Tutorial) O’Reilly S || d Interpretability in Machine Learning with Model Debugging JSM, 2019 (Invited) ○Practical Techniques for Interpretable Machine Learning (Tutorial) O’Reilly Strata, 2019 ○A Discussion of Model Explanation Tools NYC Deep Learning and Big Data Science Meetup || niques for Interpretable Machine Learning (Tutorial) O’Reilly Strata, 2019 ○A Discussion of Model Explanation Tools NYC Deep Learning and Big Data Science Meetup, 2018 ○On the Art and Science of Machine Learning Explanations JSM, 2018 (Invited) ○Machine || ○A Discussion of Model Explanation Tools NYC Deep Learning and Big Data Science Meetup, 2018 ○On the Art and Science of Machine Learning Explanations JSM, 2018 (Invited) ○Machine Learning Interpretability: The Good, the Bad, and the Ugly NYC Deep Learning  || earning and Big Data Science Meetup, 2018 ○On the Art and Science of Machine Learning Explanations JSM, 2018 (Invited) ○Machine Learning Interpretability: The Good, the Bad, and the Ugly NYC Deep Learning and Big Data Science Meetup, 2018 ○Practical Techni || chine Learning Explanations JSM, 2018 (Invited) ○Machine Learning Interpretability: The Good, the Bad, and the Ugly NYC Deep Learning and Big Data Science Meetup, 2018 ○Practical Techniques for Interpreting Machine Learning Models: Introductory Open Sou ||  Good, the Bad, and the Ugly NYC Deep Learning and Big Data Science Meetup, 2018 ○Practical Techniques for Interpreting Machine Learning Models: Introductory Open Source Examples Using Python, H2O, and XGBoost (Tutorial) FATML, 2018 ○Gradient Boosting Mach || 017 ○Interpretability in Conversation with Patrick Hall and Sameer Singh Fast Forward Labs Webinar, 2017 ○Interpretable AI: Not Just For Regulators! O’Reilly AI, 2017 ○A Survival Guide for Machine Learning: Top 10 Tips from a Battle-tested So || with Patrick Hall and Sameer Singh Fast Forward Labs Webinar, 2017 ○Interpretable AI: Not Just For Regulators! O’Reilly AI, 2017 ○A Survival Guide for Machine Learning: Top 10 Tips from a Battle-tested Solution O’Reilly Strata + Hadoop World, || ngh Fast Forward Labs Webinar, 2017 ○Interpretable AI: Not Just For Regulators! O’Reilly AI, 2017 ○A Survival Guide for Machine Learning: Top 10 Tips from a Battle-tested Solution O’Reilly Strata + Hadoop World, 2016 ○Deep Learning and Real World Experienc || ○A Survival Guide for Machine Learning: Top 10 Tips from a Battle-tested Solution O’Reilly Strata + Hadoop World, 2016 ○Deep Learning and Real World Experience Data Science Melbourne Meetup, 2015 ○Playing Nice: Using PMML, Python, R, and SAS for Product || g Nice: Using PMML, Python, R, and SAS for Production Analytics DC Statistical Programming Meetup, 2015 ○An Overview of Machine Learning with SAS Enterprise Miner Informs Big Data, 2014 Professional Certifications ○Cloudera Certified Data Scientist, CCP-DS || ified Predictive Modeler for SAS Enterprise Miner 6, 2011 ○Brody Professional Communications, 2011 Selected Awards ○H2o.ai AI 100 List, 2024 ○George Washington University School of Business, Outstanding Faculty Award, 2019, 2022, 2023 ○NC Sta || ed Predictive Modeler for SAS Enterprise Miner 6, 2011 ○Brody Professional Communications, 2011 Selected Awards ○H2o.ai AI 100 List, 2024 ○George Washington University School of Business, Outstanding Faculty Award, 2019, 2022, 2023 ○NC State  || @gwu.edu •/linkedin-injpatrickhall •/githubjphall663 8/9 Selected Volunteer Experience 2021–Present Board of Directors ,AI Incident Database , Sacramento, CA ○Currently serving as President of the Board of Directors. 2023–Present Board of Adv || ago, IL 2024–Present Board of Advisors ,Humane Intelligence , San Francisco, CA Selected Press Appearances ○Elon Musk’s AI chatbot, Grok, started calling itself ’MechaHitler’ , National Public Radio, 2025 ○Google’s AI Overview has no opt-out. || Appearances ○Elon Musk’s AI chatbot, Grok, started calling itself ’MechaHitler’ , National Public Radio, 2025 ○Google’s AI Overview has no opt-out. That’s making some people unhappy , National Public Radio, 2024 ○California Governor Vetoes Sw || ational Public Radio, 2024 ○California Governor Vetoes Sweeping A.I. Legislation , The New York Times, 2024 ○California AI bill veto opens door to bank-unfriendly revisions , American Banker 2024 ○Google Rolls Back A.I. Search Feature After F || ican Banker 2024 ○Google Rolls Back A.I. Search Feature After Flubs and Flaws , The New York Times, 2024 ○How to detect AI-generated content , TechTarget, 2023 ○New York has new rules on AI hiring tools. Here’s how the changes might help or h ||  and Flaws , The New York Times, 2024 ○How to detect AI-generated content , TechTarget, 2023 ○New York has new rules on AI hiring tools. Here’s how the changes might help or hinder your job prospects , WNYC Gothamist, 2023 ○Why red team exerc || ools. Here’s how the changes might help or hinder your job prospects , WNYC Gothamist, 2023 ○Why red team exercises for AI should be on a CISO’s radar , CISO Magazine, 2023 ○Plan to open-source Twitter algorithm raises transparency, revenue q || hm Favors Young, Thin Females , Wired, 2021 ○Law firms are building A.I. expertise as regulation looms , Fortune, 2021 ○AI Bias Problem Needs More Academic Rigor, Less Hype , Datanami, 2021 ○AI in banking: Where it works and where it doesn’t  || . expertise as regulation looms , Fortune, 2021 ○AI Bias Problem Needs More Academic Rigor, Less Hype , Datanami, 2021 ○AI in banking: Where it works and where it doesn’t , American Banker, 2021 ○AI Compliance Playbook: Seven Questions to Ask || Academic Rigor, Less Hype , Datanami, 2021 ○AI in banking: Where it works and where it doesn’t , American Banker, 2021 ○AI Compliance Playbook: Seven Questions to Ask Before Regulators or Reporters Do , Cybersecurity Law Report, 2021 ○What al || diting startups need to succeed , VentureBeat, 2021 ○Immuta Chief Legal Officer Joins Data Scientist to Create Boutique AI Law Firm , Law.com, 2020 ○Grilling the answers: How businesses need to show how AI decides , Computer Weekly, 2020 ○Dat || ns Data Scientist to Create Boutique AI Law Firm , Law.com, 2020 ○Grilling the answers: How businesses need to show how AI decides , Computer Weekly, 2020 ○Data 2020 Outlook Part II: Explainable AI and Multi-model Databases , ZDNet, 2020 ○Com || the answers: How businesses need to show how AI decides , Computer Weekly, 2020 ○Data 2020 Outlook Part II: Explainable AI and Multi-model Databases , ZDNet, 2020 ○Companies want explainable AI, vendors respond , SearchCIO, 2017 ○Understandin || ly, 2020 ○Data 2020 Outlook Part II: Explainable AI and Multi-model Databases , ZDNet, 2020 ○Companies want explainable AI, vendors respond , SearchCIO, 2017 ○Understanding cognitive computing: How much is enough? , KMWorld, 2016 ○Why The Gol || espond , SearchCIO, 2017 ○Understanding cognitive computing: How much is enough? , KMWorld, 2016 ○Why The Golden Age Of Machine Learning is Just Beginning The Next Platform, 2015 Data Mining Competitions ○Kaggle Grupo Bimbo Inventory Demand Forecasting Con"
kulp_susan_cv_2025.doc,Susan L. Kulp,,,
merluzzi_cv_08_2024.pdf,Jennifer Merluzzi,0,,
nshill_cv_03112025_for_website.pdf,N. Sharon Hill,2,AI; artificial intelligence," and  virtual work      Refereed  Conference  Presentations  Hill, N. S. (2025).  Designing student teams in the age of AI.  Interdisciplinary Network for Group  Research Virtual Conference.     -  N. Sharon  Hill - 4    Hill, N. S. (2025).   || cademy of Management National Conference, Chicago, IL (2024)    Co-organizer /moderator . Advancing research on human- artificial intelligence -enabled  technology collaboration.  Panel Discussion  at the Interdisciplinary Network for Group Research  National Co"
refik_soyer_2025_resume.pdf,Refik Soyer,0,,
stuart_levy_-_cv_-_11_29_24.docx,Stuart Levy,0,,
thomas-novak-cv-nov2025.pdf,Thomas Novak,30,AI; Artificial Intelligence; GenAI; Machine Learning; Machine learning; NLP,"        Current Research Interests     • Consumer experience in the Internet of Things  (IoT)   • Assemblage Theory   • Machine learning approaches for visualization of IoT interactions  including  manifold learning, density -based  clustering, word embedd || L. and T.P. Novak (2025) , “Assembling Flow: A Unified Theoretical  Framework for Understanding Online Experience in an AI -Powered World,” under  review, JAMS.  SSRN:  https://papers.ssrn.com/sol3/papers.cfm?abstract_id=5485407    2. Hildebr || ebrand, C., D.L. Hoffman and T.P. Novak, “ Your Request is My Command!   How Initiation Modalities Shape Conversational AI Experiences ,” under revision  after 1st round review at the  Journal of Consumer Research .    3. Hoffman, D.L. and T. || w at the  Journal of Consumer Research .    3. Hoffman, D.L. and T.P. Novak, “ Mitigating Anthropomorphic Distortion of AI  through Object -Oriented Metaphors ,” in preparation     4. Novak, T.P., “AURA: Automated Research Assistant for Explo || nces of Restricted  Human -Machine Interaction ,” Keynote presentation  at the  Conference on Artificial  Intelligence, Machine Learning, and Business Analytics , Temple University, Fox  School of Business  (online conference), Dec ember  2-3.  3. Hildebra || chnology: Phonetic & Experiential Consequences of Restricted Human -Machine  Interaction,” Paper Presented at the  AAAI Artificial Intelligence for Human -Robot  Interaction Virtual Symposium (online conference), November 4 -6.  https://arxiv.org/abs/2111.01934   || /2111.01934     4. Hoffman, D.L. and T.P. Novak (2020), “Object -Oriented Metaphorism as a  Mechanism for Understanding AI,” paper presented in the Symposium, “Resisting  Artificial Intelligence: When Do Decision Makers Avoid or Use Algorithm || 20), “Object -Oriented Metaphorism as a  Mechanism for Understanding AI,” paper presented in the Symposium, “Resisting  Artificial Intelligence: When Do Decision Makers Avoid or Use Algorithmic  Input,” Academy of Management Con ference, August 10 (online confere ||  conference).   5. Hoffman, D.L. and T.P. Novak (2020), “Object -Oriented Metaphorism as a  Mechanism for Understanding AI,” paper presented in the Special Session ,  “Consumers and Their Smart Devices: Perspectives on Anthropomorphism,”  Ass || conference) .  7. Hoffman, D.L. and T.P. Novak (2020), “Object -Oriented Metaphorism  as a  Mechanism for Understanding AI,” paper presented at the First Virtual ISMS  Marketing Science Conference, Session SC06 – Artificial Intelligence 1, Ju || echanism for Understanding AI,” paper presented at the First Virtual ISMS  Marketing Science Conference, Session SC06 – Artificial Intelligence 1, June 13   (online conference) .  Vita  Page 17  Thomas P. Novak   November  2025      8. Hoffman, D.L. and T.P. Nova || ember  2025      8. Hoffman, D.L. and T.P. Novak (2020), “Object Oriented Metaphorism as a  Mechanism for Understanding AI,” paper presented at the Winter AMA Academic  Conference, San Diego, CA, February 13 -16.   9. Novak, T.P. and D.L. Hof || ruary 13 -16.   9. Novak, T.P. and D.L. Hoffman (2020), “Reifying the Possibility Space of IoT  Automation Practices: A Machine Learning Approach,” Keynote Address  presented at the Affective Content Analysis (AffCon) Workshop , AAAI -20, New  York City, F ||  February 7.   10. Hoffman, D.L. and T.P. Novak (2019), “Object -Oriented Metaphorism as a  Mechanism for Understanding AI,” Paper presented at the Psychology of  Technology Institute “New Directions in Research on the Psychology of  Technolo ||  17 -20.  12. Hoffman, D.L. and T.P. Novak (2019), “Object -Oriented Anthropomorphism as a  Mechanism for Understanding AI,” paper presented in the Special Session,  “Rethinking Anthropomorphism: The Antecedents, Unexpected Consequences, and  || ber 17 -20.  13. Novak, Thomas and D.L. Hoffman (2019), “Reifying the Possibility Space of IoT  Automation Practices: A Machine Learning Approach,” paper presented in the  Special Session, “Extracting Behavioral Insights from Big Data: Novel AI and NLP  Ap || chine Learning Approach,” paper presented in the  Special Session, “Extracting Behavioral Insights from Big Data: Novel AI and NLP  Approaches,” ACR Fifti eth Anniversary Conference, Atlanta, Georgia, October 17 - 20.  14. Hoffman, D.L. and T || earning Approach,” paper presented in the  Special Session, “Extracting Behavioral Insights from Big Data: Novel AI and NLP  Approaches,” ACR Fifti eth Anniversary Conference, Atlanta, Georgia, October 17 - 20.  14. Hoffman, D.L. and T.P. Nova || ober 17 - 20.  14. Hoffman, D.L. and T.P. Novak (2019), “Object -Oriented Metaphorism as a  Mechanism for Understanding AI,” paper presented in the Symposium,  “Rethinking Anthropomorphism: The Antecedents, Unexpected Consequences, and  Poten || October 3 -5.  15. Novak, T.P. and D.L. Hoffman (2019), “Reifying the Possibility Space of IoT  Automation Practices: A Machine Learning Approach,” paper presented at the 11th  Triennial Invitational Choice Symposium, Cambridge, Maryland, May 30 – June 1.  || tational Choice Symposium, Cambridge, Maryland, May 30 – June 1.   16. Hoffman, D.L. and Novak, T.P. (2019), “Impact of AI on Consumer Experience,”  paper presented at the 11th Triennial Invitational Choice Symposium, Cambridge,  Maryland, Ma || and, May 30 – June 1.   Vita  Page 18  Thomas P. Novak   November  2025      17. Hoffman, D.L. and Novak, T.P. (2019), “AI: Beyond Friend or Foe,” paper  presented at the Theory + Practice in Marketing (TPM) Conference, Columbia   University, || , May 16 -18.  18. Novak, T.P. and D.L. Hoffman (2019), “Reifying the Possibility Space of IoT  Automation Practices: A Machine Learning Approach,” paper presented at the  GWSB Inaugural Conference on the Intelligence of Things, April 5.   19. Novak, T.P.  ||   11-14.  20. Hoffman, D.L. and T.P. Novak (2018), “Object -Oriented Anthropomorphism as a  Mechanism for Understanding AI,” paper presented at the 2018 Association for  Consumer Research Conference, Dallas, TX, October  11-14.  21. Hoffman,  || sented at  Invited Special Session, Winter AMA, Orlando, FL, February 17.   35. Hoffman, D.L. and T.P. Novak (2016), “A Machine Learning and Data -Driven  Visualization Framework for Studying Emergent Experience in the Consumer  IoT,” Paper presented at th || rch Seminars     1. Hoffman, D.L. and T.P. Novak (2020), “Object -Centric Metaphorism as a  Mechanism for Understanding AI,” paper presented at the Department of  Marketing Fall Seminar Series, Schulich School of Business, York University,  O || minar series)   3. Hoffman, D.L. and T.P. Novak (2020), “Object -Oriented Metaphorism as a  Mechanism for Understanding AI,” paper presented at Boston University Zoom  Behavioral Lab,  July 29 (online seminar series).   4. “Object -Oriented M ||   Behavioral Lab,  July 29 (online seminar series).   4. “Object -Oriented Metaphorism as a Mechanism for Understanding AI,” Baruch  College, Zicklin School of Business, New York City, November 1, 2019.     5. “Reifying the Possibility Space  || ool of Business, New York City, November 1, 2019.     5. “Reifying the Possibility Space of IoT Automation Practices: A Machine Learning  Approach .   a. Keynote, Voya Financial Colloquium: Innovation and Technology in  Marketing, University of Connecticut || y     2024 -2025   o Dean’s Council, GWSB (Starting November 2024).   o MBA Advisory Committee, GWSB     2023 -2024   o GenAI Faculty Advisory Council, George Washington University   o MBA Advisory Committee, GWSB     2022 -2023   o MBA Advisory"
view,Senay Agca,,,
wade-cv-august-2023.pdf,James B. Wade,0,,
